id,soal_id,label,teks
P001,Q001,A,Pukul 05.00
P002,Q001,B,Pukul 12.05
P003,Q001,C,Pukul 05.12
P004,Q001,D,Pukul 06.00
P005,Q002,A,Pukul 12.07
P006,Q002,B,Pukul 07.00
P007,Q002,C,Pukul 07.12
P008,Q002,D,Pukul 08.00
P009,Q003,A,Pukul 01.00
P010,Q003,B,Pukul 06.00
P011,Q003,C,Pukul 12.00
P012,Q003,D,Pukul 12.12
P013,Q004,A,Pukul 12.09
P014,Q004,B,Pukul 03.00
P015,Q004,C,Pukul 09.12
P016,Q004,D,Pukul 09.00
P017,Q005,A,07
P018,Q005,B,30
P019,Q005,C,05
P020,Q005,D,12
P020E,Q005,E,00
P020F,Q005,F,06
P021,Q006,A,30
P022,Q006,B,07
P023,Q006,C,05
P024,Q006,D,00
P024E,Q006,E,08
P024F,Q006,F,15
P025,Q007,A,06
P026,Q007,B,30
P027,Q007,C,12
P028,Q007,D,01
P028E,Q007,E,00
P028F,Q007,F,10
P029,Q008,A,00
P030,Q008,B,09
P031,Q008,C,15
P032,Q008,D,08
P032E,Q008,E,30
P032F,Q008,F,12
P033,Q009,A,Menyisir rambut
P034,Q009,B,Mandi
P035,Q010,A,Memasak
P036,Q010,B,Meminum air
P037,Q011,A,Tidur malam
P038,Q011,B,Menyikat gigi
P039,Q012,A,Belajar di sekolah
P040,Q012,B,Sarapan
P041,Q013,A,Pukul 7 pagi
P042,Q013,B,Pukul 7 malam
P043,Q013,C,Pukul 8 pagi
P044,Q013,D,Pukul 12 siang
P045,Q014,A,Pukul 8 pagi
P046,Q014,B,Pukul 8 malam
P047,Q014,C,Pukul 7 pagi
P048,Q014,D,Pukul 1 siang
P049,Q015,A,Pukul 5 sore
P050,Q015,B,Pukul 5 pagi
P051,Q015,C,Pukul 4 sore
P052,Q015,D,Pukul 8 malam
P053,Q016,A,Pukul 8 malam
P054,Q016,B,Pukul 8 pagi
P055,Q016,C,Pukul 6 pagi
P056,Q016,D,Pukul 5 sore
P057,Q017,A,07:00
P058,Q017,B,08:00
P059,Q017,C,10:00
P060,Q017,D,11:00
P061,Q017,E,02:00
P062,Q017,F,03:00
P063,Q017,G,04:00
P064,Q017,H,05:00
P065,Q018,A,05:00 pagi
P066,Q018,B,07:00 pagi
P067,Q018,C,05:00 sore
P068,Q018,D,09:00 malam
P069,Q018,E,12:00 siang
P070,Q018,F,03:00 pagi
P071,Q019,A,🌅 Pagi
P072,Q019,B,☀️ Siang
P073,Q019,C,🌇 Sore
P074,Q019,D,🌙 Malam
