id,level_id,pertanyaan,tipe,jawaban_benar,penjelasan,hint,poin
Q001,L001,"Halim bangun tidur pukul 5 pagi. Arahkan jarum jam ke pukul 05.00!","clock_drag","05.00","Pukul 05.00 artinya jarum pendek (merah) menunjuk angka 5 dan jarum panjang (biru) menunjuk angka 12.","Arahkan jarum pendek merah ke angka 5, dan jarum panjang biru ke angka 12.",100
Q002,L001,"Tika berangkat ke sekolah pukul 7 pagi. Arahkan jarum jam ke pukul 07.00!","clock_drag","07.00","Pukul 07.00 artinya jarum pendek (merah) menunjuk angka 7 dan jarum panjang (biru) menunjuk angka 12.","Arahkan jarum pendek merah ke angka 7, dan jarum panjang biru ke angka 12.",100
Q003,L001,"Jam istirahat dan makan siang di sekolah. Arahkan jarum jam ke pukul 12.00!","clock_drag","12.00","Pukul 12.00 artinya kedua jarum jam sama-sama tegak lurus menunjuk angka 12.","Arahkan kedua jarum jam lurus ke atas pada angka 12.",100
Q004,L001,"Kira bersiap tidur malam pukul 9 malam. Arahkan jarum jam ke pukul 09.00!","clock_drag","09.00","Pukul 09.00 artinya jarum pendek (merah) menunjuk angka 9 dan jarum panjang (biru) menunjuk angka 12.","Arahkan jarum pendek merah ke angka 9, dan jarum panjang biru ke angka 12.",100
Q005,L002,"Halim bangun tidur pukul 5 pagi. Pasangkan angka (jam) dan (menit) yang tepat pada jam digital!","clock_drop","05:00","Pukul 5 pagi pada jam digital: angka jam diisi 05 dan angka menit diisi 00 (05:00).","Pasangkan angka 05 pada kotak Jam dan angka 00 pada kotak Menit.",100
Q006,L002,"Tika berangkat ke sekolah pukul 7 pagi. Pasangkan angka (jam) dan (menit) yang tepat pada jam digital!","clock_drop","07:00","Pukul 7 pagi pada jam digital: angka jam diisi 07 dan angka menit diisi 00 (07:00).","Pasangkan angka 07 pada kotak Jam dan angka 00 pada kotak Menit.",100
Q007,L002,"Jam istirahat dan makan siang di sekolah pukul 12 siang. Pasangkan angka (jam) dan (menit) yang tepat!","clock_drop","12:00","Pukul 12 siang pada jam digital: angka jam diisi 12 dan angka menit diisi 00 (12:00).","Pasangkan angka 12 pada kotak Jam dan angka 00 pada kotak Menit.",100
Q008,L002,"Belajar malam pada pukul setengah sepuluh (09.30). Pasangkan angka (jam) dan (menit) yang tepat!","clock_drop","09:30","Pukul sembilan lebih tiga puluh menit pada jam digital: angka jam diisi 09 dan angka menit diisi 30 (09:30).","Pasangkan angka 09 pada kotak Jam dan angka 30 pada kotak Menit.",100
Q009,L003,"Beri tanda centang (✓) pada kegiatan yang lebih lama!","time_compare","Mandi","Mandi memerlukan waktu lebih lama (sekitar 15 menit) dibandingkan menyisir rambut (1 menit).","Bandingkan waktu menyisir rambut dengan mandi.",100
Q010,L003,"Beri tanda centang (✓) pada kegiatan yang lebih sebentar (lebih cepat)!","time_compare","Meminum air","Meminum segelas air memerlukan waktu lebih sebentar / lebih cepat (beberapa detik hingga 1 menit).","Meminum air hanya butuh beberapa tegukan sebentar saja.",100
Q011,L003,"Beri tanda centang (✓) pada kegiatan yang lebih lama!","time_compare","Tidur malam","Tidur malam berlangsung sekitar 8 jam, jauh lebih lama dari menyikat gigi yang hanya 2 menit.","Tidur malam berlangsung dari malam hingga pagi hari.",100
Q012,L003,"Beri tanda centang (✓) pada kegiatan yang lebih lama!","time_compare","Belajar di sekolah","Belajar di sekolah berlangsung berjam-jam (sekitar 5 jam), lebih lama dari sarapan.","Belajar di sekolah berlangsung dari pagi hingga siang.",100
Q013,L004,"Amati gambar dan jam analog berikut! Pasangkan keterangan waktu kegiatan yang tepat:","clock_activity_drop","Pukul 7 pagi","Jarum jam menunjuk angka 7 tepat di pagi hari saat anak-anak berangkat sekolah, yaitu Pukul 7 pagi.","Jarum pendek menunjuk angka 7 pada pagi hari saat berangkat sekolah.",100
Q014,L004,"Amati gambar dan jam analog berikut! Pasangkan keterangan waktu kegiatan yang tepat:","clock_activity_drop","Pukul 8 pagi","Jarum jam menunjuk angka 8 tepat saat murid belajar di sekolah di pagi hari, yaitu Pukul 8 pagi.","Jarum pendek menunjuk angka 8 pada pagi hari saat belajar di kelas.",100
Q015,L004,"Amati gambar dan jam analog berikut! Pasangkan keterangan waktu kegiatan yang tepat:","clock_activity_drop","Pukul 5 sore","Jarum jam menunjuk angka 5 saat bermain bola di sore hari menjelang matahari terbenam, yaitu Pukul 5 sore.","Jarum pendek menunjuk angka 5 menjelang matahari terbenam di sore hari.",100
Q016,L004,"Amati gambar dan jam analog berikut! Pasangkan keterangan waktu kegiatan yang tepat:","clock_activity_drop","Pukul 8 malam","Jarum jam menunjuk angka 8 tepat saat tidur malam dengan pemandangan bulan dan bintang, yaitu Pukul 8 malam.","Jarum pendek menunjuk angka 8 dan tampak bulan di jendela malam hari.",100
